elapsed_ms,w,x,y,z
101,0,0,0,0
199,0,0,0,0
298,0,0,0,0
398,0,0,0,0
498,0,0,0,0
598,0,0,0,0
699,0,0,0,0
799,0,0,0,0
899,0,0,0,0
999,0,0,0,0
1099,0,0,0,0
1200,0,0,0,0
1300,0,0,0,0
1400,0,0,0,0
1500,0,0,0,0
1600,0,0,0,0
1701,0,0,0,0
1801,0,0,0,0
1900,0,0,0,0
1992,0,0,0,0
2105,0,0,0,0
2206,0,0,0,0
2306,0,0,0,0
2405,0,0,0,0
2505,0,0,0,0
2606,0,0,0,0
2706,0,0,0,0
2807,0,0,0,0
2906,0,0,0,0
3007,0,0,0,0
3107,0,0,0,0
3206,0,0,0,0
3307,0,0,0,0
3408,0,0,0,0
3508,0,0,0,0
3608,0,0,0,0
3709,0,0,0,0
3808,0,0,0,0
3909,-0.0287549496,-0.00514258398,-0.131055608,0.0283251852
4008,-0.0293373764,-0.00490947301,-0.131715059,0.0289428234
4109,-0.0293997675,-0.00496973889,-0.13191247,0.0289975107
4209,-0.0293997675,-0.00496973889,-0.13191247,0.0289975107
4310,-0.0277972668,-0.00384913874,-0.129933193,0.0275305212
4410,-0.0274302065,-0.00326146651,-0.129402533,0.0272371918
4510,-0.0273574591,-0.00332596689,-0.129252002,0.0271553695
4610,-0.0276621729,-0.00332744839,-0.129975274,0.0274626613
4711,-0.0276577175,-0.00320175639,-0.130753651,0.0274749696
4811,-0.0271862596,-0.0019692725,-0.130171016,0.0271610618
4911,-0.0271862596,-0.0019692725,-0.130171016,0.0271610618
5011,-0.0271862596,-0.0019692725,-0.130171016,0.0271610618
5111,-0.0271862596,-0.0019692725,-0.130171016,0.0271610618
5211,-0.0271862596,-0.0019692725,-0.130171016,0.0271610618
5312,-0.0271862596,-0.0019692725,-0.130171016,0.0271610618
5412,-0.0271862596,-0.0019692725,-0.130171016,0.0271610618
5512,-0.0271862596,-0.0019692725,-0.130171016,0.0271610618
5613,-0.0271862596,-0.0019692725,-0.130171016,0.0271610618
5713,-0.0291763097,-0.00335834152,-0.133615181,0.0289875269
5813,-0.0288452953,-0.00313167996,-0.134283945,0.0286845863
5914,-0.0287098587,-0.00274484069,-0.137810498,0.0286045521
6014,-0.0281924605,-0.00205167173,-0.13431938,0.0281722248
6113,-0.0283062309,-0.00118431775,-0.134552598,0.0284052193
6213,-0.0250529796,0.000205844917,-0.133867115,0.025308311
6314,-0.0257204175,0.00081817992,-0.133542955,0.0260630548
6414,-0.0259394795,0.000897880411,-0.133062989,0.0262927264
6515,-0.025166899,0.000828196004,-0.132531941,0.0255015641
6615,-0.0246000737,0.0017883312,-0.132893488,0.0250598937
6715,-0.0233371854,0.00269651762,-0.133394971,0.0239104033
6815,-0.0235563517,0.00268233032,-0.13248384,0.0241241753
6915,-0.0230979025,0.00433499133,-0.130648077,0.0238684714
7016,-0.0219207853,0.00398324011,-0.129879296,0.0226294845
7116,-0.0231667459,0.00375283719,-0.130862311,0.0238627642
7216,-0.020498991,0.00550048146,-0.131754145,0.0214098692
7316,-0.0197688043,0.00655971933,-0.131443754,0.0208110064
7416,-0.020125851,0.00691209314,-0.131904647,0.021222353
7517,-0.0203638673,0.00622499222,-0.13022466,0.0213558078
7617,-0.0219965875,0.00600462407,-0.130289555,0.0229741633
7717,-0.0190915614,0.00747876149,-0.130504861,0.0202399492
7817,-0.0201451182,0.00765580079,-0.129963666,0.0213201046
7917,-0.0205160677,0.00689844228,-0.129152149,0.0215871483
8017,-0.0204519331,0.00607776083,-0.129194185,0.0214160681
8118,-0.0208622217,0.00639331993,-0.130382061,0.0218819678
8218,-0.0191820562,0.00701209856,-0.128366143,0.0202490389
8318,-0.0197111666,0.00748668564,-0.129295975,0.0208534598
8418,-0.0200266689,0.00628122967,-0.128082424,0.0210036337
8519,-0.0207122564,0.00615133438,-0.128626913,0.0216830373
8619,-0.0207510144,0.0063909255,-0.128155425,0.0217487961
8719,-0.0209752619,0.00625092816,-0.127606317,0.0219517797
8819,-0.0212084204,0.00641337782,-0.12812981,0.0222126245
8919,-0.0207886845,0.00790720154,-0.129562691,0.0219976902
9019,-0.0204228759,0.00821965374,-0.128765598,0.0216607004
9119,-0.0211917013,0.00784777012,-0.126475021,0.0223629475
9219,-0.0219449997,0.0059489375,-0.129326448,0.0229061395
9319,-0.0229733586,0.00542801153,-0.126844347,0.0238540173
9420,-0.0249519944,0.00452111242,-0.12787503,0.0257410258
9520,-0.023763001,0.00416551158,-0.12749961,0.0244936496
9620,-0.0253899544,0.00379905407,-0.126817375,0.0260819644
9720,-0.0248178989,0.00412437273,-0.126117468,0.0255416185
9821,-0.0242137909,0.00432507973,-0.125189468,0.0249511451
9921,-0.0236257017,0.00572055113,-0.124361172,0.024526909
10021,-0.0234878957,0.00551619148,-0.125368237,0.0243711621
10122,-0.0240903348,0.00511186011,-0.126874834,0.0249399394
10222,-0.0229042917,0.0052558626,-0.128886119,0.0237795413
10322,-0.0223286748,0.00667143892,-0.124781229,0.0233428925
10422,-0.022543028,0.00647509377,-0.127131999,0.0235566646
10522,-0.0212391019,0.00603908952,-0.127326921,0.0221880823
10622,-0.0216912329,0.0066315392,-0.128406778,0.0227302611
10723,-0.0220725089,0.00658680499,-0.127857268,0.0231036246
10823,-0.0218244344,0.00669041323,-0.127008229,0.022858575
10923,-0.0218829662,0.00654421002,-0.126868784,0.0228975713
11023,-0.0218229145,0.00646929769,-0.127936214,0.0228375643
11123,-0.0229183882,0.00575386547,-0.127253607,0.0238438547
11223,-0.0221470296,0.00515762111,-0.128009021,0.0229959488
11323,-0.0223079026,0.00567710726,-0.126647294,0.0232132673
11423,-0.0216813982,0.00553896837,-0.128235683,0.0225776136
11524,-0.0218877941,0.00520107895,-0.12703149,0.0227321982
11625,-0.0226272792,0.00537432916,-0.127160102,0.0235009342
11725,-0.0217701793,0.00563925831,-0.126884699,0.0226684064
11825,-0.021677509,0.00594749069,-0.127153933,0.0226167589
11925,-0.0216773301,0.00651557324,-0.127590716,0.0226934701
12025,-0.0208644271,0.00677552214,-0.128054574,0.021911785
12125,-0.0213965327,0.00615405058,-0.127912506,0.0223668367
12225,-0.0204443634,0.00584601983,-0.128525376,0.0213724673
12325,-0.0216841847,0.00669629266,-0.126609638,0.0227140784
12426,-0.0196681172,0.00764432456,-0.127446488,0.0208113045
12526,-0.0196069479,0.00750774425,-0.126286536,0.0207202137
12627,-0.0214385539,0.00647749146,-0.127111703,0.0224433094
12727,-0.0197714716,0.00723078288,-0.127426118,0.0208622217
12827,-0.0198800117,0.00852573663,-0.126440927,0.021126613
12927,-0.019631356,0.00846334826,-0.126067638,0.0208638459
13027,-0.0207391977,0.0083563095,-0.126653433,0.0219735652
13127,-0.0200810432,0.00840236433,-0.126468331,0.0213138461
13227,-0.0201651007,0.00784781668,-0.127592772,0.0213399827
13328,-0.0216086954,0.00771837495,-0.123698972,0.022737205
13428,-0.0220295042,0.00703178812,-0.126150593,0.0231003463
13528,-0.0218428224,0.00744285341,-0.125934407,0.0229620934
13628,-0.0227453113,0.0083193304,-0.125489593,0.0239777714
13728,-0.0218058378,0.0078491997,-0.126310989,0.0229804218
13828,-0.0229863375,0.00879808795,-0.127273545,0.0243025422
13929,-0.0211224556,0.00870834664,-0.126325011,0.0224009305
14029,-0.0228098184,0.00895610172,-0.125285953,0.0241207182
14130,-0.0225951672,0.00882844254,-0.125694156,0.0238931626
14230,-0.0203713924,0.00872087851,-0.129150525,0.0216782391
14330,-0.0215637088,0.00919147395,-0.126112103,0.0229045451
14430,-0.0216344446,0.00849529821,-0.127521798,0.0229037404
14530,-0.0211726874,0.00816658139,-0.126191974,0.0223812163
14630,-0.0217257142,0.00841383357,-0.126418546,0.0229726434
14730,-0.0213585794,0.00818582438,-0.126449332,0.0225739181
14830,-0.0213575363,0.00798786432,-0.124691084,0.0225284696
14931,-0.0222040564,0.00842451584,-0.123425901,0.0234218836
15031,-0.0210546702,0.00873202085,-0.124143116,0.0223102123
15131,-0.021345675,0.00880013406,-0.12499398,0.0226219594
15232,-0.0211875737,0.00955828279,-0.124538511,0.0225522816
15332,-0.0212723613,0.00848777965,-0.122758612,0.0224833637
15432,-0.0221039504,0.00878072251,-0.123321675,0.0233640075
15532,-0.0207908005,0.00908546429,-0.123977855,0.0220864862
15632,-0.0219285041,0.00885726791,-0.123078033,0.0231938362
15733,-0.0219498426,0.00835011154,-0.122430421,0.0231452435
15833,-0.0212832242,0.00863437541,-0.122170158,0.0225056112
15933,-0.021541521,0.0087401839,-0.122102119,0.022778064
16033,-0.021541521,0.0087401839,-0.122102119,0.022778064
16133,-0.0212645531,0.00747624133,-0.124094628,0.0223643482
16233,-0.0211424679,0.00751426537,-0.124607675,0.0222513974
16333,-0.0211424679,0.00751426537,-0.124607675,0.0222513974
16434,-0.0211424679,0.00751426537,-0.124607675,0.0222513974
16534,-0.0223134309,0.00676381495,-0.120122485,0.0232938826
16634,-0.0218673795,0.00661871163,-0.121706128,0.0228420645
16735,-0.0215395391,0.00729815476,-0.120290481,0.0225806087
16834,-0.0214529335,0.00787319429,-0.120474696,0.0225649029
16934,-0.0202909261,0.00920673925,-0.120134905,0.0215519667
17035,-0.0207731277,0.00888122339,-0.11988847,0.0219954848
17135,-0.0207731277,0.00888122339,-0.11988847,0.0219954848
17235,-0.0205459297,0.00951486081,-0.120800979,0.021854192
17335,-0.0203660578,0.0101773087,-0.121111967,0.0217574984
17435,-0.0208819658,0.0103994254,-0.122902758,0.0223279446
17536,-0.0208952129,0.0106219975,-0.119418658,0.0223219395
17636,-0.0221636891,0.010127035,-0.122166991,0.0235760063
17737,-0.021523118,0.0100119067,-0.122164071,0.0229164809
17837,-0.0219170004,0.0106906667,-0.122591563,0.023402527
17937,-0.0221141428,0.0105041675,-0.12295261,0.0235830098
18037,-0.0216744393,0.0111404648,-0.122761711,0.0232159942
18138,-0.020985201,0.0121853594,-0.121827699,0.0226364285
18237,-0.0209828317,0.0121752303,-0.121991411,0.0226352513
18337,-0.0207776576,0.0120935012,-0.122738078,0.0224296898
18437,-0.0203391016,0.0114831654,-0.124867067,0.0219430327
18538,-0.0207569152,0.0114418091,-0.120449163,0.0222956985
18639,-0.0218488723,0.0100089638,-0.122133322,0.0232438892
18739,-0.0210659504,0.00965791848,-0.120700061,0.0223941356
18839,-0.0211948454,0.0101223197,-0.120415628,0.0225766301
18939,-0.0215094388,0.00920367986,-0.120221451,0.0227799565
19039,-0.0217456371,0.00918329135,-0.119536318,0.0230071694
19140,-0.0202183723,0.00975214597,-0.119772434,0.0215402544
19240,-0.0207244307,0.00993819721,-0.118433021,0.0220553577
19339,-0.0285535753,0.00610876363,-0.118796743,0.0294872373
19440,-0.0243514478,0.00882879086,-0.119091138,0.0255836695
19540,-0.0238242298,0.010772015,-0.117051065,0.0252569616
19641,-0.0229723006,0.0127398847,-0.119140133,0.0246635079
19741,-0.0213177651,0.0118403118,-0.117655173,0.0228678435
19841,-0.0238413662,0.0100653516,-0.116694428,0.0251864344
19941,-0.0256909579,0.00868912786,-0.120223142,0.0269295871
20042,-0.023780942,0.00885080732,-0.121337831,0.0250386447
20141,-0.0247631222,0.00846116524,-0.121191122,0.0259788036
20241,-0.0236096531,0.00811221823,-0.119719319,0.0247578621
20342,-0.0262165964,0.00975178555,-0.115349293,0.0275235176
20442,-0.0309399813,0.00216665817,-0.123162232,0.0314460546
20543,-0.0228202492,0.00313284923,-0.125318691,0.0233970881
20643,-0.023133561,0.00594710885,-0.123339243,0.0240500867
20742,-0.0238172114,0.0108150505,-0.117644109,0.0252631903
20843,-0.0207599849,0.0112594869,-0.113828503,0.022184208
20943,-0.0198660195,0.0123427277,-0.115572952,0.0214343071
21043,-0.0226063877,0.0074820728,-0.11483229,0.0236209482
21144,-0.0254496634,0.0072805942,-0.114529729,0.0264566392
21244,-0.0249900669,0.00672812574,-0.112775333,0.0259133279
21344,-0.0251486897,0.00892484374,-0.116768055,0.0263698697
21445,-0.0258704275,0.0091901822,-0.117633931,0.0271384418
21546,-0.0242003351,0.00987652224,-0.118236467,0.025545761
21646,-0.0257079899,0.00923711807,-0.118051946,0.0269856751
21746,-0.0281470567,0.00682402262,-0.116158143,0.0291359723
21846,-0.0272310972,0.00744224992,-0.117186494,0.0282971114
21946,-0.0298860371,0.00709695229,-0.11919944,0.0309514999
22046,-0.0305956155,0.00720241154,-0.118981637,0.0316763669
22147,-0.0306632966,0.00752517674,-0.119589783,0.0317900777
22247,-0.0301528871,0.00727945054,-0.118434779,0.0312336385
22347,-0.0295433104,0.00869007874,-0.120675027,0.0308156013
22447,-0.0302800238,0.00870470516,-0.12373919,0.0315983146
22548,-0.0325426012,0.0131788477,-0.125862718,0.0344716758
22648,-0.0241816938,0.0171783566,-0.124644004,0.0265254676
22748,-0.0276528597,0.0193109643,-0.122418553,0.0302381516
22848,-0.0233042091,0.0201548189,-0.127063289,0.0260709673
22948,-0.0198291391,0.0207071211,-0.129677132,0.0227012038
23049,-0.0266872495,0.0150634507,-0.123868428,0.0287709385
23148,-0.0298601389,0.00718065118,-0.119033881,0.0309336483
23248,-0.0334716737,0.00448007183,-0.117948472,0.0342384428
23348,-0.0333392918,0.00247968314,-0.121446386,0.0338910073
23449,-0.033998087,0.00422889413,-0.121167153,0.0347660333
23549,-0.0326689482,0.00513518322,-0.121453829,0.0335401595
23649,-0.0340419412,0.00547371386,-0.121792503,0.0349679887
23749,-0.0349740088,0.00434501283,-0.122914813,0.0357786864
23849,-0.0348475128,0.00408069789,-0.124482371,0.0356320441
23950,-0.0343198627,0.00488597201,-0.123289153,0.0351899415
24051,-0.0328577012,0.00697333459,-0.123091437,0.0339731425
24150,-0.0316081643,0.00751375081,-0.124801904,0.0328009576
24251,-0.0337752104,0.00542718964,-0.12488091,0.0347238928
24351,-0.0341939032,0.00520583196,-0.127081096,0.0351395011
24451,-0.034770593,0.00332845538,-0.122905478,0.0354479998
24551,-0.0343977511,0.00435589347,-0.124318004,0.0352117568
24652,-0.0325219333,0.00530356262,-0.124588311,0.0334424376
24752,-0.0331377685,0.0057028099,-0.124804102,0.0341152996
24851,-0.0312000662,0.00616167951,-0.122820191,0.032199651
24951,-0.0326853245,0.00635498529,-0.121809311,0.0337093621
25052,-0.0310744792,0.00686302874,-0.123008363,0.0321617872
25152,-0.0318881124,0.00704191299,-0.125314385,0.0330296606
25253,-0.031836763,0.0060294969,-0.124039114,0.0328372717
25353,-0.0325033367,0.00622184062,-0.122436292,0.0335162282
25453,-0.0323830545,0.00591930235,-0.12276265,0.0333610922
25552,-0.0315140933,0.00656846492,-0.122409046,0.0325619131
25653,-0.0324702263,0.006748165,-0.123957776,0.0335643739
25753,-0.0311260372,0.00730647473,-0.125153959,0.0322930813
25853,-0.030298993,0.00676499167,-0.127148852,0.0314129889
25954,-0.0317595452,0.00554558868,-0.125585184,0.0327141434
26053,-0.0328917652,0.00416043261,-0.124303088,0.0336694717
26154,-0.0334201306,0.004889898,-0.125722274,0.0343063623
26255,-0.0449930727,0.00680513354,-0.127601877,0.046237424
26354,-0.0450077057,0.00543586258,-0.126276642,0.0460614711
26455,-0.0388090611,0.00518448371,-0.128308669,0.0398022383
26555,-0.0404959917,0.00602144189,-0.124748662,0.0415705144
26655,-0.0407059491,0.00599528197,-0.127638116,0.0418117791
26756,-0.0385586917,0.0053090686,-0.12598215,0.0395415574
26856,-0.041657418,0.00444106152,-0.125815257,0.0425534099
26956,-0.0397363603,0.00526466127,-0.124812074,0.0407107174
27056,-0.040015921,0.00542845158,-0.125117019,0.0410162807
27156,-0.0402760208,0.00563846668,-0.124388047,0.0412968844
27257,-0.0388760567,0.00604939042,-0.126775175,0.0399640799
27357,-0.0400436074,0.00470774062,-0.125192314,0.0409542322
27457,-0.0394019037,0.00573757757,-0.125564978,0.0404411703
27557,-0.0395921022,0.00584189268,-0.126933411,0.0406612456
27657,-0.0402857065,0.0064815511,-0.127985761,0.041454643
27757,-0.0376326293,0.00756912399,-0.126140103,0.0388963073
27857,-0.0397396684,0.00802553631,-0.127675727,0.0410985649
27957,-0.0397396684,0.00802553631,-0.127675727,0.0410985649
28058,-0.0363939106,0.0110001778,-0.129883274,0.0381425619
28158,-0.0383290052,0.00939174555,-0.127356902,0.0398469716
28258,-0.0399582535,0.0082980087,-0.128397048,0.0413638055
28359,-0.0401640385,0.00725637376,-0.130676121,0.0414659679
28458,-0.0414535105,0.00652336655,-0.129153728,0.0426516235
28559,-0.0375397503,0.00850732531,-0.127519682,0.0389403552
28659,-0.03903234,0.00865998212,-0.124962151,0.0404290855
28760,-0.0362032652,0.00969273224,-0.128961951,0.0377660543
28859,-0.0373263657,0.00865108613,-0.125933468,0.0387219042
28959,-0.0376590341,0.00768344896,-0.126128197,0.0389372706
29060,-0.0391957909,0.00768786157,-0.126176819,0.0404874831
29160,-0.039708823,0.00619558664,-0.124966674,0.0408015251
29260,-0.0406370759,0.00722827949,-0.124850996,0.0418652594
29360,-0.0376132876,0.00886516459,-0.123273633,0.0390013158
29460,-0.039294064,0.00924283918,-0.122932203,0.0407366902
29560,-0.0365588665,0.00892407633,-0.124609947,0.0379645675
29661,-0.0331263095,0.0100758187,-0.124549814,0.034648627
29761,-0.0348973274,0.00938920118,-0.126286298,0.0363719612
29861,-0.0351805538,0.00789690297,-0.125173628,0.0364540368
29961,-0.0427246094,0.00731974654,-0.128547937,0.0440288186
30062,-0.0492936224,0.00307031535,-0.128246158,0.0501003861
30162,-0.0445423275,0.00572146522,-0.126698881,0.0456335098
30262,-0.0444208682,0.00644162809,-0.127761289,0.0456159413
30363,-0.0435596257,0.0066303825,-0.128873393,0.0447857827
30463,-0.0400303155,0.00679875724,-0.123884968,0.041188255
30562,-0.0393782854,0.00622649537,-0.124235034,0.0404639542
30663,-0.0406288356,0.0061506941,-0.122250363,0.0416920632
30763,-0.0406783372,0.00530000636,-0.124072343,0.0416566581
30863,-0.0410469472,0.00414463785,-0.123852476,0.0418819338
30963,-0.0407035053,0.00516582793,-0.123616211,0.0416605324
31064,-0.0404676646,0.00587519957,-0.12269868,0.0415008217
31164,-0.0382161736,0.00696237991,-0.122936785,0.039369151
31264,-0.0393731743,0.00685789483,-0.121958233,0.0405103564
31364,-0.0399406552,0.00515700737,-0.122233756,0.040876478
31465,-0.041762501,0.00482296711,-0.122012787,0.0426687747
31565,-0.0407046825,0.00520582078,-0.123555295,0.0416660309
31665,-0.0407077074,0.00702289212,-0.122577101,0.0418826491
31765,-0.0403919816,0.00744025642,-0.123486295,0.0416274518
31866,-0.04055354,0.00734648947,-0.123381883,0.0417773277
31966,-0.0408323556,0.00675075082,-0.124613158,0.0419993103
32066,-0.0408375859,0.00688461773,-0.123688832,0.0420100242
32166,-0.0411428809,0.00688707223,-0.122580126,0.0423044115
32266,-0.0400743932,0.00690656388,-0.123064287,0.0412361324
32366,-0.0405744165,0.00758703938,-0.124685757,0.0418449789
32466,-0.0404170156,0.00705618644,-0.124582455,0.0416185856
32567,-0.0400950611,0.00669718627,-0.126893848,0.0412769318
32667,-0.0420785695,0.00744653493,-0.125773892,0.043357417
32767,-0.0413872153,0.00594462967,-0.125669584,0.0424695611
32867,-0.0409050733,0.00693086535,-0.126683265,0.0421207249
32968,-0.0427811742,0.00612004846,-0.126340777,0.0439046621
33068,-0.041003108,0.00772315823,-0.127508506,0.0423313379
33168,-0.0413299054,0.00867713802,-0.125930652,0.0427604914
33267,-0.040648073,0.00911670737,-0.126634449,0.042139098
33368,-0.0411491543,0.0110019771,-0.129675329,0.0429346114
33468,-0.0414695144,0.0118212532,-0.131318346,0.0433933288
33568,-0.042268306,0.0106174164,-0.130972266,0.0440345109
33669,-0.0425812304,0.00998601876,-0.131191418,0.044270575
33769,-0.0425373763,0.00965078827,-0.130961552,0.0441785753
33869,-0.0414180756,0.00908029359,-0.131854102,0.0429878682
33970,-0.0435315818,0.00937531982,-0.131457567,0.0451527238
34070,-0.0412657857,0.00884048548,-0.131070033,0.0427910239
34170,-0.0419571847,0.00849373825,-0.130356476,0.0434324592
34269,-0.0452872515,0.0087420363,-0.131611332,0.0468423218
34370,-0.0502827466,0.00556210196,-0.130332291,0.051444754
34470,-0.0441445559,0.0101288818,-0.133708537,0.0459074378
34570,-0.0442386717,0.00977566559,-0.132790565,0.0459401906
34671,-0.0451446027,0.0108634159,-0.132739842,0.0469983071
34771,-0.0441683829,0.011111483,-0.133232802,0.046055153
34871,-0.0428166837,0.0107265785,-0.13318792,0.0446391702
34971,-0.0423311591,0.0113519309,-0.134900823,0.0442629755
35071,-0.0410293639,0.011391134,-0.132368252,0.0429107845
35172,-0.0396775007,0.0125827687,-0.131817877,0.0416954458
35272,-0.0412767231,0.0113549149,-0.129392073,0.0431043357
35372,-0.0413894951,0.0113958521,-0.130302787,0.0432390124
35472,-0.0423972905,0.00855912082,-0.128805637,0.0438625515
35572,-0.0460630953,0.00838417932,-0.131384,0.0475741923
35673,-0.0442967862,0.00882601272,-0.131062284,0.0458460897
35773,-0.0430957824,0.0142659619,-0.131882668,0.0453672409
35873,-0.0451536775,0.0141383996,-0.131797612,0.0474242568
35973,-0.0435363799,0.0133570228,-0.13064827,0.045667246
36074,-0.043339923,0.0138631565,-0.130724922,0.04553698
36174,-0.0438282043,0.0135905417,-0.130240291,0.0459840596
36274,-0.0421218723,0.0140831731,-0.129230678,0.0443074852
36375,-0.0406989753,0.0144900056,-0.130717456,0.0429557115
36475,-0.0429845601,0.0130885467,-0.129084095,0.0450456291
36576,-0.0424588323,0.0127673876,-0.129405215,0.0444799513
36676,-0.0422847122,0.0100552309,-0.125664294,0.0438929349
36776,-0.0415175855,0.0105163185,-0.128325641,0.0432209224
36877,-0.0407120436,0.0110867014,-0.126588881,0.0424533039
36976,-0.0384242982,0.0118183531,-0.12832132,0.0402698964
37077,-0.0404157937,0.0101259537,-0.126614854,0.0420330167
37177,-0.0397779793,0.00988691021,-0.12680766,0.0413626432
37277,-0.0380896181,0.00963907037,-0.125183254,0.0396051258
37377,-0.0409633815,0.00753474701,-0.124482609,0.0422278047
37478,-0.0379088819,0.00910664909,-0.124697715,0.0393491685
37578,-0.0382312983,0.00730277877,-0.125000477,0.0394518673
37677,-0.0400794744,0.0043231179,-0.123804279,0.0409287512
37778,-0.0401293486,0.00471034786,-0.121779315,0.0410072654
37878,-0.0388718694,0.00700192573,-0.125856161,0.0400700718
37979,-0.0424875021,0.00588571886,-0.124879517,0.0435620844
38079,-0.0428170264,0.00602283096,-0.125448853,0.043783769
38179,-0.0413211137,0.00634343037,-0.126126364,0.0424586982
38280,-0.0443624705,0.00499568693,-0.12602219,0.0453524143
38380,-0.0418297052,0.00555541832,-0.12576212,0.042867437
38479,-0.0411639512,0.00737576699,-0.125645131,0.042424947
38579,-0.0417581052,0.00738508813,-0.127404198,0.0430478007
38680,-0.0411217958,0.00904866681,-0.128769726,0.0426392704
38780,-0.0419542938,0.0101009253,-0.129451528,0.043625623
38880,-0.0447506309,0.0108214188,-0.131415531,0.0465725213
38980,-0.0406753719,0.0116086546,-0.128201172,0.0425103456
39081,-0.0415903032,0.0105018765,-0.130072266,0.0433208048
39181,-0.0412633419,0.00983732007,-0.129367813,0.0428932756
39282,-0.0404083431,0.0123936292,-0.129320294,0.0423623174
39381,-0.0393794775,0.0101003703,-0.128615037,0.0410161316
39481,-0.040969938,0.00941295922,-0.126657367,0.0425015986
39581,-0.0393985212,0.00980255101,-0.126427934,0.0409636348
39681,-0.0402103961,0.00784946512,-0.126512617,0.0415350795
39782,-0.0399633944,0.005241937,-0.126042485,0.0409495831
39882,-0.040492326,0.0047803903,-0.124169432,0.0414053798
39982,-0.036973089,0.00184990803,-0.124820538,0.0374970138
40082,-0.04036659,0.00350225344,-0.124452695,0.0411215425
40183,-0.0371838063,0.00445609121,-0.125045732,0.0380388051
40283,-0.0388017297,0.00233990117,-0.124546006,0.0393995941
40383,-0.0395563394,0.00273218635,-0.125870869,0.0402196944
40483,-0.0375842899,0.0033164958,-0.125327796,0.0383014232
40584,-0.0393031389,0.00186177471,-0.124315187,0.0398434103
40684,-0.0381291658,0.00214100326,-0.124236584,0.038694635
40785,-0.0367984176,0.00297037815,-0.125228226,0.0374648869
40885,-0.0404076874,0.000104709405,-0.124299601,0.0407366157
40985,-0.0365760922,0.0020885868,-0.125135183,0.0371290296
41085,-0.0359464884,0.00361969811,-0.124722622,0.0366838425
41185,-0.0380584002,0.00325159286,-0.125273228,0.0387706757
41285,-0.0368141383,0.00179582438,-0.124547005,0.0373282284
41386,-0.0387172401,5.59122709e-05,-0.123351038,0.0390221477
41485,-0.0381774455,0.00241657905,-0.12473353,0.0387813896
41586,-0.0337200463,0.00473127188,-0.124752514,0.0345797092
41686,-0.0376468003,0.00318837236,-0.124016009,0.0383376777
41786,-0.0356930047,0.00283492496,-0.124660827,0.0363294035
41887,-0.0359889567,0.00269186706,-0.12557143,0.0366164446
41987,-0.0388132036,0.00274365651,-0.1257229,0.039470911
42087,-0.0343140513,0.00385817792,-0.12289086,0.0350533426
42188,-0.0370378643,0.00282855239,-0.126497656,0.037698105
42288,-0.0369180441,0.00267135934,-0.126279488,0.037555635
42387,-0.0380335301,0.00252108905,-0.126190692,0.0386603624
42488,-0.0381423682,0.00172672479,-0.127228513,0.0386761576
42589,-0.0368967354,0.00310135796,-0.126393482,0.0375897437
42688,-0.0371475369,0.0034503208,-0.126557931,0.0378883183
42789,-0.0384418666,0.00335137011,-0.127073407,0.0391848534
42889,-0.0364438146,0.00392961688,-0.128404886,0.0372561961
42990,-0.0367511809,0.00297074229,-0.128279358,0.0374411941
43090,-0.0364311635,0.00291839754,-0.130241856,0.0371270776
43190,-0.0353061706,0.00347925932,-0.130948633,0.0360718817
43290,-0.0376296937,0.00210498739,-0.13218233,0.0382432193
43391,-0.035124898,0.0025068908,-0.131529719,0.035765022
43490,-0.0355572999,0.00224094419,-0.129667714,0.0361528099
43591,-0.0375158638,0.00224835728,-0.128133088,0.0381178558
43691,-0.0330564678,0.00528206117,-0.125765845,0.0339898318
43791,-0.0343901217,0.00396826956,-0.126226336,0.035171777
43891,-0.0352886319,0.0031098146,-0.128498495,0.0359861404
43992,-0.0362608731,0.00195109856,-0.130387694,0.0368294418
44092,-0.0374333858,0.00104326266,-0.129508704,0.037887454
44193,-0.0348595828,0.00310078403,-0.129265249,0.0355583131
44292,-0.0335833728,0.00412675599,-0.127046674,0.034385711
44392,-0.0380076617,0.00177550619,-0.127871811,0.0385509431
44494,-0.03407076,0.00177146925,-0.127183452,0.0345766693
44594,-0.0355778486,0.00287713856,-0.127164468,0.036237523
44693,-0.0354716331,0.00255619804,-0.127687022,0.0360931307
44794,-0.0351463109,0.00195069355,-0.125871152,0.0356753469
44894,-0.0347344428,0.0021339315,-0.125336438,0.03527987
44994,-0.0379805416,0.000918085396,-0.124647573,0.0383943021
45094,-0.0361318886,0.0022591576,-0.124934189,0.0367013961
45194,-0.035006851,0.00374668953,-0.125908405,0.0357626528
45295,-0.0371149629,0.00184757332,-0.12595813,0.037647292
45395,-0.0363667756,0.00175188191,-0.127285227,0.0368895978
45495,-0.0360885412,0.00310600037,-0.124393269,0.0367599875
45595,-0.0362991691,0.00307455123,-0.124521375,0.0369693041
45695,-0.0355929583,0.00282946764,-0.124101304,0.0362237692
45795,-0.0375310779,0.00300585711,-0.123338424,0.0381930023
45897,-0.0356371254,0.00207819091,-0.123026215,0.0361673087
45997,-0.0363533795,0.00381772243,-0.122245185,0.0370977372
46097,-0.0357027352,0.00450205849,-0.122158468,0.0365255326
46197,-0.035334751,0.00403546123,-0.123551153,0.0361093879
46297,-0.0371165723,0.00438901689,-0.124457277,0.0379571915
46398,-0.0355732888,0.00462222006,-0.123871848,0.0364256501
46498,-0.0355732888,0.00462222006,-0.123871848,0.0364256501
46597,-0.0365683436,0.00518704252,-0.12567021,0.0375166833
46698,-0.0355976671,0.00522611663,-0.122946918,0.0365163386
46798,-0.0370730311,0.00392737193,-0.124835297,0.0378588438
46898,-0.0361540616,0.00338286627,-0.124470793,0.0368613005
46998,-0.0372696072,0.00388666894,-0.124448135,0.0380484611
47099,-0.0370525271,0.0036530341,-0.124362782,0.037799716
47199,-0.0369028151,0.00394273922,-0.123786494,0.0376800448
47299,-0.0368636549,0.00453468459,-0.123353496,0.0377102345
47399,-0.0366467685,0.00471914979,-0.12459068,0.0375263095
47500,-0.0358023196,0.00488872826,-0.125469491,0.0367049426
47599,-0.0361463279,0.00488316687,-0.124457031,0.0370412171
47700,-0.0352602303,0.00421659136,-0.125306964,0.036072284
47800,-0.0308523774,0.00629001856,-0.122048691,0.0318572372
47900,-0.0778352916,-0.00427864585,-0.130619124,0.0779452026
48001,-0.20605664,-0.00567675428,-0.136638537,0.207238242
48100,-0.358875871,-0.00882612728,-0.138669759,0.361210614
48201,-0.525796711,-0.0209859814,-0.143717393,0.528610945
48301,-0.6522488,-0.0432752818,-0.154199898,0.65443778
48402,-0.785848677,-0.0653378218,-0.144402444,0.786644876
48502,-0.854099989,-0.0706721693,-0.140398651,0.855375111
48601,-0.875814855,-0.0665522516,-0.135675833,0.877731383
48702,-0.874647141,-0.0655264482,-0.133687988,0.876482069
48803,-0.877658546,-0.0669457316,-0.13055715,0.879114509
48902,-0.879196763,-0.0742476955,-0.12649104,0.879445314
49003,-0.881838322,-0.0759686977,-0.128304183,0.882077992
49103,-0.881348848,-0.0782485306,-0.133312285,0.881696641
49203,-0.882487655,-0.0851611793,-0.137184873,0.882255375
49304,-0.884195209,-0.0867221206,-0.136810184,0.88376081
49403,-0.8858338,-0.0814072937,-0.136306927,0.886140585
49504,-0.885828137,-0.0837465152,-0.136749804,0.885852754
49604,-0.886644304,-0.0822027698,-0.140026525,0.887200654
49704,-0.886609316,-0.082864143,-0.140070081,0.887076914
49805,-0.886119068,-0.0818363205,-0.140833348,0.886784792
49905,-0.885793567,-0.0801835433,-0.139254436,0.886530995
50005,-0.886300564,-0.0840291679,-0.139447823,0.886539936
50105,-0.886383295,-0.0860923454,-0.140248373,0.88640666
50205,-0.886669576,-0.0865144506,-0.140483186,0.886663139
50306,-0.887523592,-0.0881612599,-0.139164135,0.887190342
50406,-0.0014539063,-0.0888430774,-0.137747556,-0.0108937025
50506,-0.00166806579,-0.0880937204,-0.137386769,-0.0105414093
50606,-0.00181093812,-0.0884802714,-0.137337804,-0.0104469657
50706,-0.00211688876,-0.0887087211,-0.135582939,-0.0100114346
50806,-0.00266364217,-0.0896422938,-0.135421842,-0.00957497954
50907,-0.00151327252,-0.0902011767,-0.134716585,-0.0107425451
51007,-0.0036431253,-0.0918015465,-0.134895653,-0.00883683562
51107,0.00551268458,-0.0900431201,-0.134949118,-0.0178037882
51208,0.0720703304,-0.086692445,-0.138232887,-0.0845574439
51308,0.263885677,-0.0824371129,-0.14589268,-0.277528554
51408,0.586495578,-0.0890669376,-0.164444074,-0.604099929
51508,0.786295295,-0.0768625513,-0.173278347,-0.804080546
51608,0.932192624,-0.0652963743,-0.170267433,-0.947584331
51709,0.983706415,-0.0377145149,-0.17847833,-0.999174356
51809,0.955021322,-0.0133406343,-0.215182245,-0.977225006
51909,0.885494232,0.0199543852,-0.223099053,-0.910108685
52010,0.8115834,0.0362204649,-0.209381267,-0.833737195
52109,0.800991416,0.0678505749,-0.170068681,-0.817724526
52209,0.800245643,0.080623202,-0.176293284,-0.818655193
52310,0.799814761,0.0845982879,-0.175649077,-0.818241119
52411,0.794994652,0.0757482275,-0.181418762,-0.814233184
52511,0.786309719,0.0735431537,-0.183036968,-0.805799425
52611,0.784412146,0.0803445801,-0.182300776,-0.804094613
52711,0.780270934,0.0785402507,-0.178048849,-0.799069881
52811,0.781500161,0.07749632,-0.168696925,-0.798491955
52911,0.778243482,0.0778751671,-0.167933568,-0.795130849
53012,0.78017509,0.077379182,-0.169523612,-0.797321737
53112,0.774850428,0.0746281296,-0.168440655,-0.791708648
53212,0.7759341,0.0787767768,-0.16809395,-0.792902052
53313,0.77669251,0.0810063034,-0.168125317,-0.793750823
53413,0.775271893,0.0807296038,-0.169199288,-0.792527437
53513,0.7750898,0.0799230188,-0.171328634,-0.792709112
53614,-0.00185671449,0.0790844858,-0.171487257,0.0156444013
53713,-0.00581935048,0.0720295832,-0.178775162,0.0189864933
53813,-0.0119852722,0.0727100745,-0.178039759,0.0253010094
53914,-0.012291044,0.0692834184,-0.179533526,0.0251061916
54014,-0.0182060003,0.0671507418,-0.176995531,0.0305288732
54114,-0.0427745283,0.0686626062,-0.17522344,0.0555498004
54214,-0.1196118,0.0689155534,-0.179639772,0.133782357
54314,-0.274703652,0.0870873109,-0.172339544,0.292416394
54414,-0.41575104,0.0763683543,-0.170112044,0.432584018
54515,-0.570888042,0.0635938868,-0.174536034,0.587761343
54615,-0.682303548,0.046371568,-0.169400781,0.697294176
54715,-0.775148332,0.016622318,-0.162671596,0.787196577
54816,-0.830940008,0.000376283569,-0.146642789,0.840051234
54915,-0.868070245,0.00180515263,-0.139634743,0.876779854
55016,-0.88409096,-0.0047278353,-0.132010132,0.891601562
55116,-0.88845098,-0.0125799505,-0.131048769,0.895369649
55217,-0.886615157,-0.0127368076,-0.129097819,0.893280685
55317,-0.88580519,-0.00997766946,-0.130702183,0.892833591
55418,-0.884651065,-0.00785982795,-0.129809454,0.891707242
55517,-0.883941054,-0.00569599494,-0.131700143,0.891350925
55618,-0.883148253,-0.00512906862,-0.131939888,0.890615106
55718,-0.882753193,-0.00390821975,-0.129405975,0.88999939
55819,-0.883468747,-0.00210281601,-0.127023876,0.890559137
55919,-0.884657502,0.00190625491,-0.122728266,0.891501367
56019,-0.88670069,0.00329223322,-0.11942365,0.893265426
56119,-0.88910383,0.00378501764,-0.116458155,0.895386398
56219,-0.889560878,0.00269831182,-0.118895851,0.896056056
56319,-0.89267385,0.00571910897,-0.116207264,0.899041533
56420,-0.892080903,0.0082611246,-0.1205917,0.89904815
56519,-0.892162442,0.00682578562,-0.11872486,0.898854494
56620,-0.892763674,0.00546259107,-0.121609844,0.899718165
56720,-0.892994285,0.00489362702,-0.123058543,0.900087237
56821,-0.892989755,0.00492940983,-0.123102397,0.900089562
56921,-0.892671227,0.00596119883,-0.123497322,0.89986521
57021,-0.892746687,0.00621147407,-0.122530244,0.899842262
57121,-0.892530918,0.00687481323,-0.122944489,0.899704695
57221,7.06464052e-05,0.00708656525,-0.122935548,0.000806674361
57322,-0.000546976924,0.00755977398,-0.122619614,0.00148513913
57422,0.00011767447,0.006977465,-0.123315193,0.000748455524
57522,-0.000936791301,0.00732446136,-0.120027542,0.00182910264
57622,-0.00267349184,0.00632381858,-0.12166696,0.0034686029
57722,-0.00255897641,0.0065203514,-0.120247357,0.00336740911
57822,-0.00303538144,0.00697343051,-0.12034709,0.00390289724
57923,-0.0032786727,0.00599055784,-0.121424809,0.0040358603
58023,-0.00403165817,0.00580690103,-0.120778196,0.00476783514
58123,-0.00364603102,0.00605945429,-0.12068285,0.00440944731
58223,-0.00400164723,0.00615366781,-0.122330487,0.00479029119
58324,-0.00425432622,0.0063056373,-0.122209609,0.00506278872
58423,-0.00420099497,0.00585259125,-0.120901734,0.00494477153
58524,-0.00337341428,0.00627026521,-0.120748639,0.00416092575
58624,-0.00259134173,0.00703045819,-0.122560382,0.00347916782
58725,-0.002148211,0.00807683915,-0.123083726,0.00316634774
58824,-0.00126923621,0.00468921568,-0.125708789,0.0018735677
58925,-0.0107768178,0.00021995639,-0.123367406,0.0108871013
59025,-0.00902208686,-0.00135965564,-0.122223079,0.00892280042
59126,-0.0129603148,-0.000977757387,-0.117823765,0.0129352212
59226,-0.00746543705,0.00398482522,-0.116254099,0.00798273087
59326,-0.000458315015,0.00927086361,-0.113324277,0.00151869655
59426,-0.00233569741,0.00757955015,-0.112227455,0.00320650637
59526,-0.00539116561,0.00617620861,-0.113422558,0.00613114238
59626,-0.00342030823,0.00417775335,-0.117042638,0.00393629074
59727,-0.00819894671,0.000601592066,-0.118082047,0.00832824409
59827,-0.00891453028,0.000251210382,-0.117551409,0.00900648534
59927,-0.00537709892,0.00167961023,-0.115086824,0.00560766459
60028,-0.00645016134,0.00164500996,-0.113598265,0.00668025017
60128,-0.0066164732,0.00281003537,-0.114157878,0.00698287785
60228,-0.00457008183,0.00355605432,-0.115080051,0.00501260161
60328,-0.00523859262,0.00278324145,-0.11411459,0.00559271872
60428,-0.0062763989,-0.000224647127,-0.112971023,0.00629127026
60528,-0.00699163973,0.000134699847,-0.111645229,0.00705075264
60629,-0.00726178288,-0.000475841138,-0.112654805,0.00725437701
60729,-0.00708551705,-0.000538455788,-0.112762772,0.00706990063
60829,-0.00830343366,-0.000601004576,-0.114602484,0.00828918815
60930,-0.00732791424,-0.000943252817,-0.113694087,0.00726780295
61030,-0.00747098029,-0.000120777178,-0.113537714,0.0075058043
61129,-0.00748471916,-0.000231545593,-0.11466708,0.00750771165
61230,-0.00826123357,-0.000187248064,-0.115037769,0.00829474628
61331,-0.0091356039,9.65483705e-05,-0.115844563,0.00920876861
61431,-0.00600832701,0.00123255502,-0.11704506,0.00619515777
61530,-0.00489830971,0.00150244578,-0.116833061,0.00510881841
61631,-0.00609132648,0.000834049308,-0.11871624,0.00623443723
61731,-0.00606566668,0.000738274597,-0.119609661,0.00619848073
61831,-0.00512684882,0.000932233874,-0.119143896,0.0052754879
61932,-0.00564604998,0.000973162823,-0.117729589,0.00580094755
62032,-0.00584323704,0.00137821783,-0.117959894,0.0060480237
62132,-0.00471191108,0.00189558847,-0.1204734,0.004976511
62233,-0.0049187392,0.00293344958,-0.121246904,0.00531359017
62332,-0.00424230099,0.00313863787,-0.121234819,0.00465714931
62433,-0.0038523972,0.00367473881,-0.122187413,0.00433385372
62534,-0.00306041539,0.0047219242,-0.119749576,0.00365209579
62633,-0.0035136342,0.00420900667,-0.122107349,0.00405791402
62734,-0.00382395089,0.0041657961,-0.122017838,0.00436480343
62834,-0.00357238948,0.00433655223,-0.120741285,0.00412613153
62934,-0.0037728399,0.00375493383,-0.121405087,0.00426019728
63035,-0.00364014506,0.00396941463,-0.120665103,0.00414939225
63135,-0.003762573,0.0045237965,-0.119481541,0.00433409214
63235,-0.00346389413,0.00438153138,-0.11957521,0.004016608
63335,-0.00419799984,0.00336779933,-0.120562442,0.00463782251
63435,-0.00403986871,0.00311134662,-0.120788403,0.00444822013
63535,-0.00283417106,0.00448490074,-0.119785286,0.00339581072
63636,-0.00292640924,0.00386269204,-0.11894425,0.00341002643
63736,-0.00203442574,0.00398118142,-0.119126745,0.00252667069
63837,-0.00263553858,0.00409770804,-0.119502708,0.00314776599
63936,-0.00256501138,0.00424812734,-0.118699282,0.00309108198
64037,-0.00253340602,0.00428241212,-0.118957222,0.00306455791
64138,-0.00223940611,0.00409364048,-0.118080057,0.00274194777
64238,-0.00257238746,0.00431466987,-0.117115088,0.00309899449
64338,-0.00195069611,0.00448637316,-0.118371353,0.00249934196
64438,-0.00218726695,0.00480097579,-0.11878527,0.00277718902
64538,-0.00197339058,0.00493520359,-0.119111605,0.00257958472
64638,-0.00212442875,0.00549644558,-0.118169144,0.00279349089
64739,-0.00152826309,0.00530064944,-0.119342156,0.0021763891
64839,-0.00152826309,0.00530064944,-0.119342156,0.0021763891
64938,-0.00152826309,0.00530064944,-0.119342156,0.0021763891
65039,-0.00152826309,0.00530064944,-0.119342156,0.0021763891
65139,-0.00152826309,0.00530064944,-0.119342156,0.0021763891
65239,-0.00152826309,0.00530064944,-0.119342156,0.0021763891
65340,-0.00152826309,0.00530064944,-0.119342156,0.0021763891
65440,-0.00152826309,0.00530064944,-0.119342156,0.0021763891
65540,-0.00152826309,0.00530064944,-0.119342156,0.0021763891
65641,-0.00152826309,0.00530064944,-0.119342156,0.0021763891
65740,-0.00152826309,0.00530064944,-0.119342156,0.0021763891
65841,-0.00152826309,0.00530064944,-0.119342156,0.0021763891
65940,-0.00152826309,0.00530064944,-0.119342156,0.0021763891
66041,-0.00152826309,0.00530064944,-0.119342156,0.0021763891
66141,-0.00152826309,0.00530064944,-0.119342156,0.0021763891
66241,-0.00152826309,0.00530064944,-0.119342156,0.0021763891
66342,-0.00152826309,0.00530064944,-0.119342156,0.0021763891
66442,-0.00152826309,0.00530064944,-0.119342156,0.0021763891
66542,-0.00152826309,0.00530064944,-0.119342156,0.0021763891
66643,-0.00152826309,0.00530064944,-0.119342156,0.0021763891
66743,-0.00152826309,0.00530064944,-0.119342156,0.0021763891
66843,-0.00152826309,0.00530064944,-0.119342156,0.0021763891
66943,-0.00152826309,0.00530064944,-0.119342156,0.0021763891
67043,-0.00152826309,0.00530064944,-0.119342156,0.0021763891
67143,-0.00152826309,0.00530064944,-0.119342156,0.0021763891
67244,-0.00152826309,0.00530064944,-0.119342156,0.0021763891
67344,-0.00152826309,0.00530064944,-0.119342156,0.0021763891
67444,-0.00152826309,0.00530064944,-0.119342156,0.0021763891
67545,-0.00152826309,0.00530064944,-0.119342156,0.0021763891
67645,-0.00152826309,0.00530064944,-0.119342156,0.0021763891
67745,-0.00152826309,0.00530064944,-0.119342156,0.0021763891
67845,-0.00152826309,0.00530064944,-0.119342156,0.0021763891
67945,-0.00152826309,0.00530064944,-0.119342156,0.0021763891
68046,-0.00152826309,0.00530064944,-0.119342156,0.0021763891
68145,-0.00152826309,0.00530064944,-0.119342156,0.0021763891
68246,-0.00152826309,0.00530064944,-0.119342156,0.0021763891
68346,-0.00152826309,0.00530064944,-0.119342156,0.0021763891
68447,-0.00152826309,0.00530064944,-0.119342156,0.0021763891
68547,-0.00152826309,0.00530064944,-0.119342156,0.0021763891
68647,-0.00152826309,0.00530064944,-0.119342156,0.0021763891
68748,-0.00152826309,0.00530064944,-0.119342156,0.0021763891
68848,-0.00152826309,0.00530064944,-0.119342156,0.0021763891
68948,-0.00152826309,0.00530064944,-0.119342156,0.0021763891
69048,-0.00152826309,0.00530064944,-0.119342156,0.0021763891
69147,-0.00152826309,0.00530064944,-0.119342156,0.0021763891
69248,-0.00152826309,0.00530064944,-0.119342156,0.0021763891
69348,-0.00152826309,0.00530064944,-0.119342156,0.0021763891
69448,-0.00152826309,0.00530064944,-0.119342156,0.0021763891
69549,-0.00152826309,0.00530064944,-0.119342156,0.0021763891
69649,-0.00152826309,0.00530064944,-0.119342156,0.0021763891
69749,-0.00152826309,0.00530064944,-0.119342156,0.0021763891
69849,-0.00152826309,0.00530064944,-0.119342156,0.0021763891
69949,-0.00152826309,0.00530064944,-0.119342156,0.0021763891
70050,-0.00152826309,0.00530064944,-0.119342156,0.0021763891
70150,-0.00152826309,0.00530064944,-0.119342156,0.0021763891
70250,-0.00152826309,0.00530064944,-0.119342156,0.0021763891
70350,-0.00152826309,0.00530064944,-0.119342156,0.0021763891
70450,-0.00152826309,0.00530064944,-0.119342156,0.0021763891
70551,-0.00152826309,0.00530064944,-0.119342156,0.0021763891
70651,-0.00152826309,0.00530064944,-0.119342156,0.0021763891
70751,-0.00152826309,0.00530064944,-0.119342156,0.0021763891
70852,-0.00152826309,0.00530064944,-0.119342156,0.0021763891
70952,-0.00152826309,0.00530064944,-0.119342156,0.0021763891
71051,-0.00152826309,0.00530064944,-0.119342156,0.0021763891
